source_id,source_type,parameter,value,unit,observed_at,site_code,site_name,latitude,longitude,evidence_url,incident,incident_title
pl-gios-wios,agency,EC,1.20,mS/cm,2022-07-24T08:00:00Z,oder-kostrzyn,Oder at Kostrzyn,52.5887,14.6495,,oder-2022,"Oder River fish kill (Poland / Germany, July-August 2022)"
pl-gios-wios,agency,chlorki,340,mg/L,2022-07-24T08:00:00Z,oder-kostrzyn,Oder at Kostrzyn,52.5887,14.6495,,oder-2022,"Oder River fish kill (Poland / Germany, July-August 2022)"
copernicus-s2,satellite,NDCI,0.18,1,2022-07-25T10:15:00Z,oder-kostrzyn,Oder at Kostrzyn,52.5887,14.6495,,oder-2022,"Oder River fish kill (Poland / Germany, July-August 2022)"
pl-gios-wios,agency,Leitfaehigkeit,2350,uS/cm,2022-07-27T08:00:00Z,oder-kostrzyn,Oder at Kostrzyn,52.5887,14.6495,,oder-2022,"Oder River fish kill (Poland / Germany, July-August 2022)"
pl-gios-wios,agency,chloride dissolved,1180,mg/L,2022-07-27T08:00:00Z,oder-kostrzyn,Oder at Kostrzyn,52.5887,14.6495,,oder-2022,"Oder River fish kill (Poland / Germany, July-August 2022)"
pl-gios-wios,agency,temp water,26.4,Cel,2022-07-27T08:00:00Z,oder-kostrzyn,Oder at Kostrzyn,52.5887,14.6495,,oder-2022,"Oder River fish kill (Poland / Germany, July-August 2022)"
copernicus-s2,satellite,normalized difference chlorophyll index,0.43,1,2022-07-28T10:15:00Z,oder-kostrzyn,Oder at Kostrzyn,52.5887,14.6495,,oder-2022,"Oder River fish kill (Poland / Germany, July-August 2022)"
de-lfu-bb,agency,dissolved O2,3.60,mg/L,2022-07-29T07:30:00Z,oder-frankfurt,Oder at Frankfurt (Oder),52.3471,14.5506,,oder-2022,"Oder River fish kill (Poland / Germany, July-August 2022)"
de-lfu-bb,agency,electrical conductivity,2.41,mS/cm,2022-08-06T09:00:00Z,oder-frankfurt,Oder at Frankfurt (Oder),52.3471,14.5506,,oder-2022,"Oder River fish kill (Poland / Germany, July-August 2022)"
de-lfu-bb,agency,mercury,0.35,ug/L,2022-08-09T09:00:00Z,oder-frankfurt,Oder at Frankfurt (Oder),52.3471,14.5506,,oder-2022,"Oder River fish kill (Poland / Germany, July-August 2022)"
pl-gios-wios,agency,Prymnesium parvum cell count,98000,{cells}/mL,2022-08-10T09:00:00Z,oder-szczecin,Oder at Szczecin,53.4285,14.5528,,oder-2022,"Oder River fish kill (Poland / Germany, July-August 2022)"
mke-howard-ave,agency,turbidity,0.30,[NTU],1993-03-20T06:00:00Z,mke-howard-ave-finished,Howard Avenue plant finished water,42.9736,-87.8814,,milwaukee-1993,"Milwaukee cryptosporidiosis outbreak (USA, March-April 1993)"
mke-howard-ave,agency,turbidity,1.70,[NTU],1993-03-28T06:00:00Z,mke-howard-ave-finished,Howard Avenue plant finished water,42.9736,-87.8814,,milwaukee-1993,"Milwaukee cryptosporidiosis outbreak (USA, March-April 1993)"
mke-howard-ave,agency,total suspended solids,4.2,mg/L,1993-03-20T06:00:00Z,mke-howard-ave-finished,Howard Avenue plant finished water,42.9736,-87.8814,,milwaukee-1993,"Milwaukee cryptosporidiosis outbreak (USA, March-April 1993)"
mke-howard-ave,agency,total suspended solids,31.5,mg/L,1993-03-28T06:00:00Z,mke-howard-ave-finished,Howard Avenue plant finished water,42.9736,-87.8814,,milwaukee-1993,"Milwaukee cryptosporidiosis outbreak (USA, March-April 1993)"
mke-howard-ave,agency,suspended solids,48.0,mg/L,1993-04-01T06:00:00Z,mke-howard-ave-finished,Howard Avenue plant finished water,42.9736,-87.8814,,milwaukee-1993,"Milwaukee cryptosporidiosis outbreak (USA, March-April 1993)"
mke-intake,agency,water temperature,3.8,Cel,1993-03-28T06:00:00Z,mke-lake-intake,Lake Michigan south intake,42.9800,-87.8600,,milwaukee-1993,"Milwaukee cryptosporidiosis outbreak (USA, March-April 1993)"
walkerton-puc,agency,free chlorine residual,0.00,mg/L,2000-05-15T09:00:00Z,walkerton-well-5,Walkerton Well 5,44.1281,-81.1483,,walkerton-2000,"Walkerton E. coli O157:H7 outbreak (Ontario, Canada, May 2000)"
walkerton-puc,agency,total coliforms,2400,{cfu}/100mL,2000-05-15T09:00:00Z,walkerton-well-5,Walkerton Well 5,44.1281,-81.1483,,walkerton-2000,"Walkerton E. coli O157:H7 outbreak (Ontario, Canada, May 2000)"
walkerton-puc,agency,faecal coliforms,1600,CFU/100mL,2000-05-17T09:00:00Z,walkerton-distribution,Walkerton distribution system,44.1247,-81.1470,,walkerton-2000,"Walkerton E. coli O157:H7 outbreak (Ontario, Canada, May 2000)"
walkerton-puc,agency,ammonium,1.8,mg/L,2000-05-17T09:00:00Z,walkerton-well-5,Walkerton Well 5,44.1281,-81.1483,,walkerton-2000,"Walkerton E. coli O157:H7 outbreak (Ontario, Canada, May 2000)"
walkerton-puc,agency,total suspended solids,42.0,mg/L,2000-05-13T09:00:00Z,walkerton-well-5,Walkerton Well 5,44.1281,-81.1483,,walkerton-2000,"Walkerton E. coli O157:H7 outbreak (Ontario, Canada, May 2000)"
copernicus-s2,satellite,NDCI,0.22,1,2014-07-27T10:20:00Z,toledo-crib-intake,Toledo Lake Erie crib intake,41.6906,-83.2599,,toledo-2014,"Toledo ""do not drink"" advisory (Ohio, USA, August 2014)"
copernicus-s2,satellite,maximum chlorophyll index,0.14,1,2014-07-27T10:20:00Z,toledo-crib-intake,Toledo Lake Erie crib intake,41.6906,-83.2599,,toledo-2014,"Toledo ""do not drink"" advisory (Ohio, USA, August 2014)"
copernicus-s2,satellite,NDCI,0.51,1,2014-08-01T10:20:00Z,toledo-crib-intake,Toledo Lake Erie crib intake,41.6906,-83.2599,,toledo-2014,"Toledo ""do not drink"" advisory (Ohio, USA, August 2014)"
copernicus-s2,satellite,maximum chlorophyll index,0.38,1,2014-08-01T10:20:00Z,toledo-crib-intake,Toledo Lake Erie crib intake,41.6906,-83.2599,,toledo-2014,"Toledo ""do not drink"" advisory (Ohio, USA, August 2014)"
toledo-collins-park,agency,microcystin-LR,2.50,ug/L,2014-08-02T04:00:00Z,toledo-collins-park,Collins Park treatment plant finished water,41.6528,-83.5379,,toledo-2014,"Toledo ""do not drink"" advisory (Ohio, USA, August 2014)"
toledo-collins-park,agency,water temperature,26.8,Cel,2014-08-02T04:00:00Z,toledo-crib-intake,Toledo Lake Erie crib intake,41.6906,-83.2599,,toledo-2014,"Toledo ""do not drink"" advisory (Ohio, USA, August 2014)"
toledo-collins-park,agency,total phosphates,0.94,mg/L,2014-08-01T04:00:00Z,toledo-crib-intake,Toledo Lake Erie crib intake,41.6906,-83.2599,,toledo-2014,"Toledo ""do not drink"" advisory (Ohio, USA, August 2014)"
hbrc-brookvale,agency,total coliforms,1900,{cfu}/100mL,2016-08-08T07:00:00Z,brookvale-bore-1,Brookvale Road bore field,-39.6667,176.8833,,havelock-north-2016,"Havelock North campylobacteriosis outbreak (New Zealand, August 2016)"
hbrc-brookvale,agency,faecal coliforms,940,CFU/100mL,2016-08-10T07:00:00Z,brookvale-bore-1,Brookvale Road bore field,-39.6667,176.8833,,havelock-north-2016,"Havelock North campylobacteriosis outbreak (New Zealand, August 2016)"
hbrc-brookvale,agency,ammonium,2.4,mg/L,2016-08-08T07:00:00Z,brookvale-pond,Pond 90 m from the bore head,-39.6660,176.8845,,havelock-north-2016,"Havelock North campylobacteriosis outbreak (New Zealand, August 2016)"
hbrc-brookvale,agency,nitrate,58.0,mg/L,2016-08-08T07:00:00Z,brookvale-pond,Pond 90 m from the bore head,-39.6660,176.8845,,havelock-north-2016,"Havelock North campylobacteriosis outbreak (New Zealand, August 2016)"
hbrc-brookvale,agency,total suspended solids,66.0,mg/L,2016-08-07T22:00:00Z,brookvale-bore-1,Brookvale Road bore field,-39.6667,176.8833,,havelock-north-2016,"Havelock North campylobacteriosis outbreak (New Zealand, August 2016)"
hbrc-brookvale,agency,free chlorine residual,0.00,mg/L,2016-08-08T07:00:00Z,brookvale-bore-1,Brookvale Road bore field,-39.6667,176.8833,,havelock-north-2016,"Havelock North campylobacteriosis outbreak (New Zealand, August 2016)"
hawkes-bay-dhb,agency,campylobacter notifications per 100000,714,{cases}/100000,2016-08-12T00:00:00Z,brookvale-bore-1,Brookvale Road bore field,-39.6667,176.8833,,havelock-north-2016,"Havelock North campylobacteriosis outbreak (New Zealand, August 2016)"
hawkes-bay-dhb,agency,campylobacteriosis,7143,{cases}/100000,2016-08-15T00:00:00Z,brookvale-bore-1,Brookvale Road bore field,-39.6667,176.8833,,havelock-north-2016,"Havelock North campylobacteriosis outbreak (New Zealand, August 2016)"
hawkes-bay-dhb,agency,acute gastrointestinal illness,39.3,%,2016-08-19T00:00:00Z,brookvale-bore-1,Brookvale Road bore field,-39.6667,176.8833,,havelock-north-2016,"Havelock North campylobacteriosis outbreak (New Zealand, August 2016)"
hawkes-bay-dhb,agency,campylobacter notified cases,1000,cases,2016-08-15T00:00:00Z,brookvale-bore-1,Brookvale Road bore field,-39.6667,176.8833,,havelock-north-2016,"Havelock North campylobacteriosis outbreak (New Zealand, August 2016)"
mdeq-lcr-round1,agency,lead,0.004,mg/L,2015-06-25T12:00:00Z,flint-site-042,Flint LCR tier-1 site 042,43.0125,-83.6875,,flint-2014,"Flint drinking-water crisis (Michigan, USA, 2014-2015)"
mdeq-lcr-round1,agency,lead,0.011,mg/L,2015-06-26T12:00:00Z,flint-site-071,Flint LCR tier-1 site 071,43.0160,-83.6920,,flint-2014,"Flint drinking-water crisis (Michigan, USA, 2014-2015)"
mdeq-lcr-round1,agency,lead,0.104,mg/L,2015-06-29T12:00:00Z,flint-site-088,Flint LCR tier-1 site 088,43.0201,-83.6841,,flint-2014,"Flint drinking-water crisis (Michigan, USA, 2014-2015)"
mdeq-lcr-round1,agency,lead,0.020,mg/L,2015-07-01T12:00:00Z,flint-site-095,Flint LCR tier-1 site 095,43.0090,-83.6799,,flint-2014,"Flint drinking-water crisis (Michigan, USA, 2014-2015)"
vt-flintwaterstudy,citizen,lead,0.158,mg/L,2015-08-17T12:00:00Z,flint-site-101,Flint citizen sampling kit 101,43.0240,-83.6910,,flint-2014,"Flint drinking-water crisis (Michigan, USA, 2014-2015)"
flint-wtp,agency,free chlorine residual,0.02,mg/L,2015-01-12T12:00:00Z,flint-distribution,Flint distribution system,43.0125,-83.6875,,flint-2014,"Flint drinking-water crisis (Michigan, USA, 2014-2015)"
ro-aurul-tailings,agency,total cyanide,32.0,mg/L,2000-01-30T22:00:00Z,somes-baia-mare,Somes below Aurul tailings dam,47.6567,23.5686,,baia-mare-2000,"Baia Mare cyanide spill, Somes-Tisza-Danube (Romania / Hungary / Serbia, January-February 2000)"
ro-aurul-tailings,agency,copper,2100,ug/L,2000-01-30T22:00:00Z,somes-baia-mare,Somes below Aurul tailings dam,47.6567,23.5686,,baia-mare-2000,"Baia Mare cyanide spill, Somes-Tisza-Danube (Romania / Hungary / Serbia, January-February 2000)"
ro-aurul-tailings,agency,zinc,4800,ug/L,2000-01-30T22:00:00Z,somes-baia-mare,Somes below Aurul tailings dam,47.6567,23.5686,,baia-mare-2000,"Baia Mare cyanide spill, Somes-Tisza-Danube (Romania / Hungary / Serbia, January-February 2000)"
hu-vituki-tisza,agency,total cyanide,7.8,mg/L,2000-02-04T06:00:00Z,tisza-szolnok,Tisza at Szolnok,47.1747,20.1936,,baia-mare-2000,"Baia Mare cyanide spill, Somes-Tisza-Danube (Romania / Hungary / Serbia, January-February 2000)"
hu-vituki-tisza,agency,dissolved O2,3.10,mg/L,2000-02-04T06:00:00Z,tisza-szolnok,Tisza at Szolnok,47.1747,20.1936,,baia-mare-2000,"Baia Mare cyanide spill, Somes-Tisza-Danube (Romania / Hungary / Serbia, January-February 2000)"
hu-vituki-tisza,agency,pH,7.9,[pH],2000-02-04T06:00:00Z,tisza-szolnok,Tisza at Szolnok,47.1747,20.1936,,baia-mare-2000,"Baia Mare cyanide spill, Somes-Tisza-Danube (Romania / Hungary / Serbia, January-February 2000)"
rs-danube-novisad,agency,total cyanide,0.42,mg/L,2000-02-11T06:00:00Z,danube-novi-sad,Danube at Novi Sad,45.2671,19.8335,,baia-mare-2000,"Baia Mare cyanide spill, Somes-Tisza-Danube (Romania / Hungary / Serbia, January-February 2000)"
rs-danube-novisad,agency,copper,180,ug/L,2000-02-11T06:00:00Z,danube-novi-sad,Danube at Novi Sad,45.2671,19.8335,,baia-mare-2000,"Baia Mare cyanide spill, Somes-Tisza-Danube (Romania / Hungary / Serbia, January-February 2000)"
hu-katved-kolontar,agency,pH,13.0,[pH],2010-10-04T14:00:00Z,torna-kolontar,Torna creek at Kolontar,47.1000,17.4333,,ajka-2010,"Ajka alumina plant red-mud spill (Hungary, October 2010)"
hu-katved-kolontar,agency,aluminium,42000,ug/L,2010-10-04T14:00:00Z,torna-kolontar,Torna creek at Kolontar,47.1000,17.4333,,ajka-2010,"Ajka alumina plant red-mud spill (Hungary, October 2010)"
hu-katved-marcal,agency,pH,130.0,[pH],2010-10-05T08:00:00Z,marcal-karako,Marcal at Karako,47.2000,17.1500,,ajka-2010,"Ajka alumina plant red-mud spill (Hungary, October 2010)"
hu-katved-marcal,agency,pH,9.6,[pH],2010-10-06T08:00:00Z,marcal-karako,Marcal at Karako,47.2000,17.1500,,ajka-2010,"Ajka alumina plant red-mud spill (Hungary, October 2010)"
hu-katved-marcal,agency,dissolved O2,2.10,mg/L,2010-10-06T08:00:00Z,marcal-karako,Marcal at Karako,47.2000,17.1500,,ajka-2010,"Ajka alumina plant red-mud spill (Hungary, October 2010)"
hu-katved-gyor,agency,pH,8.4,[pH],2010-10-09T08:00:00Z,danube-gyor,Danube at Gyor,47.6875,17.6504,,ajka-2010,"Ajka alumina plant red-mud spill (Hungary, October 2010)"
hu-katved-gyor,agency,aluminium,310,ug/L,2010-10-09T08:00:00Z,danube-gyor,Danube at Gyor,47.6875,17.6504,,ajka-2010,"Ajka alumina plant red-mud spill (Hungary, October 2010)"
es-carm-marmenor,agency,nitrate,72.0,mg/L,2021-08-10T08:00:00Z,marmenor-north,Mar Menor northern basin,37.7300,-0.7800,,mar-menor-2021,"Mar Menor lagoon anoxic fish kill (Spain, August 2021)"
es-carm-marmenor,agency,total phosphates,0.88,mg/L,2021-08-10T08:00:00Z,marmenor-north,Mar Menor northern basin,37.7300,-0.7800,,mar-menor-2021,"Mar Menor lagoon anoxic fish kill (Spain, August 2021)"
es-carm-marmenor,agency,temp water,30.6,Cel,2021-08-12T08:00:00Z,marmenor-north,Mar Menor northern basin,37.7300,-0.7800,,mar-menor-2021,"Mar Menor lagoon anoxic fish kill (Spain, August 2021)"
copernicus-s2,satellite,NDCI,0.47,1,2021-08-13T10:40:00Z,marmenor-north,Mar Menor northern basin,37.7300,-0.7800,,mar-menor-2021,"Mar Menor lagoon anoxic fish kill (Spain, August 2021)"
es-carm-marmenor,agency,dissolved oxygen,1.40,mg/L,2021-08-16T06:00:00Z,marmenor-lamanga,Mar Menor at La Manga shore,37.7000,-0.7500,,mar-menor-2021,"Mar Menor lagoon anoxic fish kill (Spain, August 2021)"
es-carm-marmenor,agency,electrical conductivity,68.0,mS/cm,2021-08-16T06:00:00Z,marmenor-lamanga,Mar Menor at La Manga shore,37.7000,-0.7500,,mar-menor-2021,"Mar Menor lagoon anoxic fish kill (Spain, August 2021)"
oslo-vav-oset,agency,free chlorine residual,4.10,mg/L,2011-03-08T18:00:00Z,akerselva-nydalen,Akerselva at Nydalen,59.9475,10.7594,,akerselva-2011,"Akerselva chlorine release (Oslo, Norway, March 2011)"
oslo-vav-oset,agency,dissolved oxygen,9.80,mg/L,2011-03-08T12:00:00Z,akerselva-nydalen,Akerselva at Nydalen,59.9475,10.7594,,akerselva-2011,"Akerselva chlorine release (Oslo, Norway, March 2011)"
oslo-vav-oset,agency,pH,7.2,[pH],2011-03-08T18:00:00Z,akerselva-nydalen,Akerselva at Nydalen,59.9475,10.7594,,akerselva-2011,"Akerselva chlorine release (Oslo, Norway, March 2011)"
oslo-vav-nedre,agency,dissolved oxygen,3.10,mg/L,2011-03-09T09:00:00Z,akerselva-vaterland,Akerselva at Vaterland,59.9110,10.7590,,akerselva-2011,"Akerselva chlorine release (Oslo, Norway, March 2011)"
oslo-vav-nedre,agency,electrical conductivity,0.86,mS/cm,2011-03-09T09:00:00Z,akerselva-vaterland,Akerselva at Vaterland,59.9110,10.7590,,akerselva-2011,"Akerselva chlorine release (Oslo, Norway, March 2011)"
oslo-vav-nedre,agency,water temperature,3.1,Cel,2011-03-09T09:00:00Z,akerselva-vaterland,Akerselva at Vaterland,59.9110,10.7590,,akerselva-2011,"Akerselva chlorine release (Oslo, Norway, March 2011)"
paris-eau-lab,agency,E. coli,980,CFU/100mL,2024-07-30T06:00:00Z,seine-alexandre-iii,Seine at Pont Alexandre III,48.8638,2.3136,,seine-2024,"Seine bathing-water exceedances (Paris, France, July-August 2024)"
fluidion-alert,agency,E. coli,3400,MPN/100mL,2024-07-30T06:00:00Z,seine-alexandre-iii,Seine at Pont Alexandre III,48.8638,2.3136,,seine-2024,"Seine bathing-water exceedances (Paris, France, July-August 2024)"
paris-eau-lab,agency,enterococci,410,{cfu}/100mL,2024-07-30T06:00:00Z,seine-alexandre-iii,Seine at Pont Alexandre III,48.8638,2.3136,,seine-2024,"Seine bathing-water exceedances (Paris, France, July-August 2024)"
paris-eau-lab,agency,E. coli,220,CFU/100mL,2024-08-01T06:00:00Z,seine-alexandre-iii,Seine at Pont Alexandre III,48.8638,2.3136,,seine-2024,"Seine bathing-water exceedances (Paris, France, July-August 2024)"
paris-eau-lab,agency,ammonium,0.42,mg/L,2024-07-30T06:00:00Z,seine-bras-marie,Seine at Bras Marie,48.8530,2.3550,,seine-2024,"Seine bathing-water exceedances (Paris, France, July-August 2024)"
paris-eau-lab,agency,E. coli,1450,CFU/100mL,2024-07-30T06:00:00Z,seine-bras-marie,Seine at Bras Marie,48.8530,2.3550,,seine-2024,"Seine bathing-water exceedances (Paris, France, July-August 2024)"
sww-hillhead,agency,total suspended solids,38.0,mg/L,2024-05-14T09:00:00Z,hillhead-reservoir,Hillhead service reservoir,50.4090,-3.5540,,brixham-2024,"Brixham cryptosporidiosis outbreak (Devon, UK, May 2024)"
sww-hillhead,agency,total coliforms,1250,{cfu}/100mL,2024-05-15T09:00:00Z,hillhead-reservoir,Hillhead service reservoir,50.4090,-3.5540,,brixham-2024,"Brixham cryptosporidiosis outbreak (Devon, UK, May 2024)"
sww-hillhead,agency,free chlorine residual,0.06,mg/L,2024-05-15T09:00:00Z,hillhead-reservoir,Hillhead service reservoir,50.4090,-3.5540,,brixham-2024,"Brixham cryptosporidiosis outbreak (Devon, UK, May 2024)"
sww-brixham,agency,total coliforms,640,CFU/100mL,2024-05-16T09:00:00Z,brixham-distribution,Brixham distribution zone,50.3950,-3.5150,,brixham-2024,"Brixham cryptosporidiosis outbreak (Devon, UK, May 2024)"
sww-brixham,agency,total suspended solids,12.0,mg/L,2024-05-20T09:00:00Z,brixham-distribution,Brixham distribution zone,50.3950,-3.5150,,brixham-2024,"Brixham cryptosporidiosis outbreak (Devon, UK, May 2024)"
